insert into Prestamo values(32311,1, '2022-05-20', '2022-05-05');
insert into Prestamo values(23411,2, '2022-04-20', '2022-04-05');
insert into Prestamo values(67812,3, '2022-04-25', '2022-04-10');
insert into Prestamo values(92112,4, '2022-03-15', '2022-03-01');
insert into Prestamo values(21312,5, '2022-02-15', '2022-02-01');

Insert into Estudiante  values(32311,'CC-717582022','Moises Alejandro Pérez','CALLE 18 N25 30','Ing_Sistemas',29,20 );
insert into Estudiante  values(23411,'TI-48987599','America Maria Gómez',NULL,'Ing_Fisica',15, 0 );
insert into Estudiante  values(67812,'CE-AER52000','Javier Adrian Serrano',NULL ,'Economia',51,5 );
insert into Estudiante  values(92112,'CC-369871', 'JUAN RAFAEL LOZANO',NULL,'Psicologia',30, 19 );
insert into Estudiante  values(21312,'TI-300785070','Melissa Mendoza Palacios',NULL,'Ing_Sistemas', NULL, 7 );

insert into libro values (1,'El Aleph',2,5,15);
insert into libro values (2,'Alicia en el pais de las maravillas',1,6,15);
insert into libro values (3,'Matematica estas ahi',2,3,15);
insert into libro values (4,'Martin Fierro',3,1,15);
insert into libro values (5,'Martin Fierro',2,1,15);
insert into Libro values (6, 'Diseño de Pagina Web con XHTML, JavaScript y CSS', 6, 6,15);
insert into Libro values (7, 'Prgramación de graficos 3D', 6, 6,15);
insert into Libro values (8, 'MySQl y JAVA',2, 6,15);
insert into Libro values (9, 'Manual básico de derecho administrativo', 5, 7, 15);
insert into Libro values(10, 'Sistema Juridico de administración publica', 5,7, 15);
insert into Libro values(11, 'Derecha administrativo 1ra Ed.', 5, 7, 15);
insert into Libro values(12, 'Derecho administrativo 2da Ed.',5, 7, 15);
insert into Libro values(13, 'Sistemas de bases de datos', 6,6, 15);
insert into Libro values(14, 'Fundamentos de diseño de bases de datos', 5, 6, 15);
insert into Libro values(15, 'SQL Server 2008',8, 6, 15);
insert into Libro values(16, 'Microsoft Visual Basic.Net',8, 6, 15);
insert into Libro values(17, '3d Studio Max', 8, 8, 15);

insert into autor values (100,'Jorge Luis Borges');
insert into autor values( 200, 'Lewis Carroll');
insert into autor values( 300,'Adrian Paenza'); 
insert into autor values( 400,'Jose hernandez');
insert into autor values( 500, 'Mª Nieves Navas Martinez');
insert into autor values( 600,'Juan carlos oros cabello');
insert into autor values( 700, 'Eduardo Gamero Casado');
insert into autor values( 705, 'Severiano Fernández Ramos');
insert into autor values( 710,'Mark Matthews');
insert into autor values( 720,'FrAANCISCO JaVIER bermal');
insert into autor values( 510,'Thomas M. Connolly');
insert into autor values( 520,' S. Sudarshan');
insert into autor values( 530,'  Abraham Silberschatz');
insert into autor values( 540,'  Jérôme Gabillaud');
insert into autor values( 900, ' CEBALLOS FCO.JAVIER');
insert into Autor (Id_Autor, Nombre) values ( 1000, 'TecnoBook');

insert into libAut values(100,1);
insert into libAut values(200,2);
insert into libAut values(300,3);
insert into libAut values(400,4);
insert into libAut values(400,5);
insert into libAut values(500,6);
insert into libAut values(600,6);
insert into libAut values(500,7);
insert into libAut values(600,7);
insert into libAut values(710,8);
insert into libAut values(700,9);
insert into libAut values(705,9);
insert into libAut values(720,10);
insert into libAut values(720,11);
insert into libAut values(720,12);
insert into libAut values(510,13);
insert into libAut values(520,14);
insert into libAut values(530,14);
insert into libAut values(540,15);
insert into libAut values(900,16);
insert into libAut values(600,17);

insert into MultEst values(32311,0,Null);
insert into MultEst values(23411,0,30000);
insert into MultEst values(67812,0,30000);
insert into MultEst values(92112,0,Null);
insert into MultEst values(21312,0,Null);

insert into Editorial values(1,2,'NORMA');
insert into Editorial values(2,1,'CASTILLA');
insert into Editorial values(3,2,'NORMA');
insert into Editorial values(4,3,'PLANETA');
insert into Editorial values(5,2,'NORMA');
insert into Editorial values(6,6,'SANTILLANA');
insert into Editorial values(7,6,'SANTILLANA');
insert into Editorial values(8,2,'NORMA');
insert into Editorial values(9,5,'MADRID');
insert into Editorial values(10,5,'MADRID');
insert into Editorial values(11,5,'MADRID');
insert into Editorial values(12,5,'MADRID');
insert into Editorial values(13,6,'SANTILLANA');
insert into Editorial values(14,5,'MADRID');
insert into Editorial values(15,8,'MANIN');
insert into Editorial values(16,8,'MANIN');
insert into Editorial values(17,8,'MANIN');
insert into Editorial values(0,7,'COLOMBIA')